file,line,tag,altKind,altValue
src/pages/AboutUs.jsx,65,img,generic,
src/pages/AboutUs.jsx,130,img,descriptive,HQ Aviation Hangar
src/pages/AboutUs.jsx,133,img,descriptive,The clubhouse
src/pages/AboutUs.jsx,136,img,descriptive,Aviation memorabilia
src/pages/AboutUs.jsx,139,img,descriptive,Expedition photos
src/pages/AboutUs.jsx,142,img,descriptive,Globe on desk
src/pages/AboutUs.jsx,145,img,descriptive,R66 cockpit
src/pages/AboutUs.jsx,155,img,descriptive,Captain Q on the South Pole expedition
src/pages/AboutUs.jsx,164,img,descriptive,Captain Quentin Smith
src/pages/AboutUs.jsx,204,img,descriptive,The HQ Aviation Clubhouse
src/pages/AboutUs.jsx,249,img,descriptive,HQ Aviation interior
src/pages/AboutUs.jsx,252,img,descriptive,HQ social events
src/pages/AboutUs.jsx,255,img,descriptive,Community gathering
src/pages/AboutUs.jsx,258,img,descriptive,R66 cockpit detail
src/pages/AboutUs.jsx,374,img,dynamic,svc.title
src/pages/AboutUs.jsx,493,img,dynamic,a.model
src/pages/AboutUs.jsx,523,img,descriptive,Helicopter expedition to Antarctica
src/pages/AboutUs.jsx,565,img,descriptive,Fleet of helicopters at the North Pole
src/pages/AboutUs.jsx,637,img,dynamic,logo.alt
src/pages/AboutUs.jsx,649,img,descriptive,Robinson Helicopter Company
src/pages/AboutUs.jsx,682,img,generic,
src/pages/AdvancedTraining.jsx,96,img,descriptive,HQ Aviation
src/pages/AdvancedTraining.jsx,369,img,descriptive,"Captain Quentin Smith, World Aerobatics Champion"
src/pages/AdvancedTraining.jsx,436,img,descriptive,"Captain Quentin Smith, HQ Aviation Founder"
src/pages/AircraftConsulting.jsx,98,img,descriptive,HQ Aviation
src/pages/AircraftConsulting.jsx,406,img,descriptive,HQ Aviation aircraft consulting
src/pages/AircraftH500.jsx,101,img,descriptive,HQ Aviation
src/pages/AircraftR22.jsx,96,img,descriptive,HQ Aviation
src/pages/AircraftR22.jsx,2162,Image,descriptive,Robinson R22 Helicopter
src/pages/AircraftR22.jsx,2278,img,descriptive,R22 cutout
src/pages/AircraftR22.jsx,2376,img,descriptive,R22 blueprint
src/pages/AircraftR22.jsx,2402,img,generic,
src/pages/AircraftR22.jsx,2433,img,dynamic,`${active.name
src/pages/AircraftR22.jsx,2564,img,dynamic,hero.alt || 'Captain Quentin Smith'
src/pages/AircraftR22.jsx,2584,img,dynamic,hero.alt || ''
src/pages/AircraftR22.jsx,2621,img,dynamic,img.alt || ''
src/pages/AircraftR22.jsx,2642,img,dynamic,lightbox.alt || ''
src/pages/AircraftR22.jsx,2839,img,generic,
src/pages/AircraftR44.jsx,104,img,descriptive,HQ Aviation
src/pages/AircraftR44.jsx,621,Image,descriptive,Robinson R44 Raven II
src/pages/AircraftR44.jsx,826,img,descriptive,HQ Aviation R44 fleet
src/pages/AircraftR44.jsx,945,img,dynamic,`R44 ${model.name
src/pages/AircraftR44.jsx,1307,img,generic,
src/pages/AircraftR44.jsx,1430,img,generic,
src/pages/AircraftR44.jsx,1461,img,dynamic,`${r44Variants[activeVariant].name
src/pages/AircraftR44.jsx,1575,img,dynamic,slide.alt
src/pages/AircraftR44.jsx,1644,img,descriptive,Antarctic Expedition
src/pages/AircraftR44.jsx,1683,img,descriptive,North Pole
src/pages/AircraftR44.jsx,1690,img,descriptive,South Pole
src/pages/AircraftR44.jsx,1728,img,dynamic,`R44 Gallery ${i + 1
src/pages/AircraftR66.jsx,112,img,descriptive,HQ Aviation
src/pages/AircraftR66.jsx,524,Image,descriptive,Robinson R66 Turbine Helicopter
src/pages/AircraftR66.jsx,689,img,descriptive,Robinson R66 front-quarter view in Palo Verde blue livery
src/pages/AircraftR66.jsx,842,img,descriptive,HQ Aviation R66 fleet lineup
src/pages/AircraftR66.jsx,936,img,descriptive,R66 Blueprint
src/pages/AircraftR66.jsx,1075,img,descriptive,R66 NXG Glass Cockpit
src/pages/AircraftR66.jsx,1125,img,descriptive,HQ Aviation R66 fleet lineup
src/pages/AircraftR66.jsx,1251,img,dynamic,slide.alt
src/pages/AircraftR66.jsx,1409,img,generic,
src/pages/AircraftR66.jsx,1441,img,dynamic,`${r66Variants[activeVariant].name
src/pages/AircraftR66.jsx,1649,img,dynamic,image.alt
src/pages/AircraftR66.jsx,1704,img,dynamic,selectedImage.alt
src/pages/AircraftR88.jsx,105,img,descriptive,HQ Aviation
src/pages/AircraftR88.jsx,456,Image,descriptive,Robinson R88 front-quarter exterior view
src/pages/AircraftR88.jsx,776,img,descriptive,Safran
src/pages/AircraftR88.jsx,974,img,generic,
src/pages/AircraftR88.jsx,988,img,generic,
src/pages/AircraftR88.jsx,1101,img,dynamic,item.alt
src/pages/AircraftR88.jsx,1389,img,descriptive,R88 cabin reconfiguring between seating layouts
src/pages/ArrowPicker.jsx,92,img,dynamic,slide.title
src/pages/AuthorisedServiceCenterCard.jsx,179,img,descriptive,Robinson Authorized Service Center
src/pages/AuthorisedServiceCenterCard.jsx,215,img,descriptive,Robinson Authorized Service Center
src/pages/AuthorisedServiceCenterCard.jsx,247,img,descriptive,Robinson Authorized Service Center
src/pages/AuthorisedServiceCenterCard.jsx,278,img,descriptive,Robinson Authorized Service Center
src/pages/AuthorisedServiceCenterCard.jsx,310,img,descriptive,Robinson Authorized Service Center
src/pages/AuthorisedServiceCenterCard.jsx,343,img,descriptive,Robinson Authorized Service Center
src/pages/AuthorisedServiceCenterCard.jsx,377,img,descriptive,Robinson Authorized Service Center
src/pages/AuthorisedServiceCenterCard.jsx,413,img,descriptive,Robinson Authorized Service Center
src/pages/AuthorisedServiceCenterCard.jsx,449,img,descriptive,Robinson Authorized Service Center
src/pages/AuthorisedServiceCenterCard.jsx,480,img,descriptive,Robinson Authorized Service Center
src/pages/AuthorisedServiceCenterCard.jsx,523,img,descriptive,Robinson Authorized Service Center
src/pages/AuthorisedServiceCenterCard.jsx,545,img,descriptive,Robinson Authorized Service Center
src/pages/AuthorisedServiceCenterCard.jsx,573,img,descriptive,Robinson Authorized Service Center
src/pages/AuthorisedServiceCenterCard.jsx,611,img,descriptive,Robinson Authorized Service Center
src/pages/AuthorisedServiceCenterCard.jsx,650,img,descriptive,Robinson Authorized Service Center
src/pages/AuthorisedServiceCenterCard.jsx,686,img,descriptive,Robinson Authorized Service Center
src/pages/AuthorisedServiceCenterCard.jsx,722,img,descriptive,Robinson Authorized Service Center
src/pages/AuthorisedServiceCenterCard.jsx,778,img,descriptive,Robinson
src/pages/AuthorisedServiceCenterCard.jsx,836,img,descriptive,Robinson ASC
src/pages/AuthorisedServiceCenterCard.jsx,868,img,descriptive,Robinson ASC
src/pages/AuthorisedServiceCenterCard.jsx,907,img,descriptive,Robinson ASC
src/pages/AuthorisedServiceCenterCard.jsx,974,img,descriptive,Robinson ASC
src/pages/AuthorisedServiceCenterCard.jsx,1009,img,descriptive,Robinson ASC
src/pages/AuthorisedServiceCenterCard.jsx,1042,img,descriptive,Robinson ASC
src/pages/AuthorisedServiceCenterCard.jsx,1077,img,descriptive,Robinson ASC
src/pages/AuthorisedServiceCenterCard.jsx,1109,img,descriptive,Robinson ASC
src/pages/AuthorisedServiceCenterCard.jsx,1162,img,descriptive,Robinson ASC
src/pages/AuthorisedServiceCenterCard.jsx,1194,img,descriptive,Robinson ASC
src/pages/AuthorisedServiceCenterCard.jsx,1231,img,descriptive,Robinson ASC
src/pages/AuthorisedServiceCenterCard.jsx,1238,img,descriptive,Robinson ASC
src/pages/AuthorisedServiceCenterCard.jsx,1280,img,descriptive,Robinson ASC
src/pages/AuthorisedServiceCenterCard.jsx,1312,img,descriptive,Robinson ASC
src/pages/AuthorisedServiceCenterCard.jsx,1363,img,descriptive,Robinson ASC
src/pages/AuthorisedServiceCenterCard.jsx,1371,img,descriptive,Robinson ASC
src/pages/AuthorisedServiceCenterCard.jsx,1402,img,descriptive,Robinson ASC
src/pages/AuthorisedServiceCenterCard.jsx,1443,img,descriptive,Robinson ASC
src/pages/AuthorisedServiceCenterCard.jsx,1476,img,descriptive,Robinson ASC
src/pages/AuthorisedServiceCenterCard.jsx,1517,img,descriptive,Robinson ASC
src/pages/AuthorisedServiceCenterCard.jsx,1551,img,descriptive,Robinson ASC
src/pages/AuthorisedServiceCenterCard.jsx,1590,img,descriptive,Robinson ASC
src/pages/AuthorisedServiceCenterCard.jsx,1625,img,descriptive,Robinson ASC
src/pages/AuthorisedServiceCenterCard.jsx,1666,img,descriptive,Robinson ASC
src/pages/AuthorisedServiceCenterCard.jsx,1704,img,descriptive,Robinson ASC
src/pages/AuthorisedServiceCenterCard.jsx,1755,img,descriptive,Robinson ASC
src/pages/AuthorisedServiceCenterCard.jsx,1774,img,descriptive,Robinson ASC
src/pages/AuthorisedServiceCenterCard.jsx,1807,img,descriptive,Robinson ASC
src/pages/AuthorisedServiceCenterCard.jsx,1845,img,descriptive,Robinson ASC
src/pages/AuthorisedServiceCenterCard.jsx,1931,img,descriptive,Robinson ASC
src/pages/AuthorisedServiceCenterCard.jsx,1976,img,descriptive,Robinson Authorized Service Center
src/pages/AuthorisedServiceCenterCard.jsx,2008,img,descriptive,Robinson Authorized Service Center
src/pages/AuthorisedServiceCenterCard.jsx,2053,img,descriptive,Robinson Authorized Service Center
src/pages/AuthorisedServiceCenterCard.jsx,2090,img,descriptive,Robinson Authorized Service Center
src/pages/AuthorisedServiceCenterCard.jsx,2125,img,descriptive,Robinson Authorized Service Center
src/pages/AuthorisedServiceCenterCard.jsx,2171,img,descriptive,Robinson Authorized Service Center
src/pages/AuthorisedServiceCenterCard.jsx,2254,img,descriptive,Robinson Authorized Service Center
src/pages/AuthorisedServiceCenterCard.jsx,2278,img,descriptive,Robinson Authorized Service Center
src/pages/AuthorisedServiceCenterCard.jsx,2300,img,descriptive,Robinson ASC
src/pages/AuthorisedServiceCenterCard.jsx,2322,img,descriptive,Robinson Authorized Service Center
src/pages/AuthorisedServiceCenterCard.jsx,2341,img,descriptive,Robinson ASC
src/pages/AuthorisedServiceCenterCard.jsx,2368,img,descriptive,Robinson Authorized Service Center
src/pages/AuthorisedServiceCenterCard.jsx,2389,img,descriptive,Robinson Authorized Service Center
src/pages/AuthorisedServiceCenterCard.jsx,2416,img,descriptive,Robinson Authorized Service Center
src/pages/AuthorisedServiceCenterCard.jsx,2437,img,descriptive,Robinson Authorized Service Center
src/pages/AuthorisedServiceCenterCard.jsx,2456,img,descriptive,Robinson ASC
src/pages/AuthorisedServiceCenterCard.jsx,2484,img,descriptive,Robinson Authorized Service Center
src/pages/AuthorisedServiceCenterCard.jsx,2507,img,descriptive,Robinson Authorized Service Center
src/pages/AuthorisedServiceCenterCard.jsx,2529,img,descriptive,Robinson Authorized Service Center
src/pages/AuthorisedServiceCenterCard.jsx,2551,img,descriptive,Robinson Authorized Service Center
src/pages/AuthorisedServiceCenterCard.jsx,2571,img,descriptive,Robinson
src/pages/AuthorisedServiceCenterCard.jsx,2597,img,descriptive,Robinson Authorized Service Center
src/pages/AuthorisedServiceCenterCard.jsx,2637,img,descriptive,Robinson Authorized Service Center
src/pages/AuthorisedServiceCenterCard.jsx,2663,img,descriptive,Robinson Authorized Service Center
src/pages/AuthorisedServiceCenterCard.jsx,2702,img,descriptive,Robinson Authorized Service Center
src/pages/AuthorisedServiceCenterCard.jsx,2722,img,descriptive,Robinson Authorized Service Center
src/pages/AuthorisedServiceCenterCard.jsx,2745,img,descriptive,Robinson Authorized Service Center
src/pages/AuthorisedServiceCenterCard.jsx,2771,img,descriptive,Robinson Authorized Service Center
src/pages/AuthorisedServiceCenterCard.jsx,2793,img,descriptive,Robinson Authorized Service Center
src/pages/AuthorisedServiceCenterCard.jsx,2812,img,descriptive,Robinson Authorized Service Center
src/pages/AuthorisedServiceCenterCard.jsx,2836,img,descriptive,Robinson Authorized Service Center
src/pages/AuthorisedServiceCenterCard.jsx,2858,img,descriptive,Robinson Authorized Service Center
src/pages/AuthorisedServiceCenterCard.jsx,2879,img,descriptive,Robinson Authorized Service Center
src/pages/AuthorisedServiceCenterCard.jsx,2900,img,descriptive,Robinson Authorized Service Center
src/pages/AuthorisedServiceCenterCard.jsx,2926,img,descriptive,Robinson Authorized Service Center
src/pages/AuthorisedServiceCenterCard.jsx,2950,img,descriptive,Robinson Authorized Service Center
src/pages/AuthorisedServiceCenterCard.jsx,2971,img,descriptive,Robinson Authorized Service Center
src/pages/AuthorisedServiceCenterCard.jsx,2993,img,descriptive,Robinson Authorized Service Center
src/pages/AuthorisedServiceCenterCard.jsx,3017,img,descriptive,Robinson Authorized Service Center
src/pages/AuthorisedServiceCenterCard.jsx,3042,img,descriptive,Robinson Authorized Service Center
src/pages/AuthorisedServiceCenterCard.jsx,3062,img,descriptive,Robinson Authorized Service Center
src/pages/AuthorisedServiceCenterCard.jsx,3086,img,descriptive,Robinson Authorized Service Center
src/pages/AuthorisedServiceCenterCard.jsx,3109,img,descriptive,Robinson Authorized Service Center
src/pages/AuthorisedServiceCenterCard.jsx,3135,img,descriptive,Robinson Authorized Service Center
src/pages/AuthorisedServiceCenterCard.jsx,3159,img,descriptive,Robinson Authorized Service Center
src/pages/AuthorisedServiceCenterCard.jsx,3184,img,descriptive,Robinson Authorized Dealer
src/pages/AuthorisedServiceCenterCard.jsx,3227,img,descriptive,Robinson Authorized Service Center
src/pages/AuthorisedServiceCenterCard.jsx,3251,img,descriptive,Robinson Authorized Service Center
src/pages/AuthorisedServiceCenterCard.jsx,3300,img,descriptive,Robinson Authorized Service Center
src/pages/AuthorisedServiceCenterCard.jsx,3325,img,descriptive,Robinson Authorized Service Center
src/pages/AuthorisedServiceCenterCard.jsx,3349,img,descriptive,Robinson Authorized Service Center
src/pages/AuthorisedServiceCenterCard.jsx,3399,img,descriptive,Robinson Authorized Service Center
src/pages/AuthorisedServiceCenterCard.jsx,3424,img,descriptive,Robinson Authorized Service Center
src/pages/AuthorisedServiceCenterCard.jsx,3448,img,descriptive,Robinson Authorized Service Center
src/pages/AuthorisedServiceCenterCard.jsx,3499,img,descriptive,Robinson Authorized Service Center
src/pages/AuthorisedServiceCenterCard.jsx,3525,img,descriptive,Robinson Authorized Service Center
src/pages/AuthorisedServiceCenterCard.jsx,3559,img,descriptive,Robinson Authorized Service Center
src/pages/CPL.jsx,97,img,descriptive,HQ Aviation
src/pages/CPL.jsx,275,img,descriptive,Commercial helicopter pilot training
src/pages/CPL.jsx,382,img,descriptive,Professional helicopter pilot training at HQ Aviation
src/pages/CaptainQ.jsx,87,img,generic,
src/pages/CaptainQ.jsx,117,img,descriptive,Captain Quentin Smith
src/pages/CaptainQ.jsx,162,img,descriptive,Q competing for Great Britain
src/pages/CaptainQ.jsx,217,img,descriptive,Q performing helicopter aerobatics
src/pages/CaptainQ.jsx,226,img,descriptive,Helicopter at the North Pole
src/pages/CaptainQ.jsx,258,img,dynamic,exp.title
src/pages/CaptainQ.jsx,285,img,descriptive,Helicopter in flight
src/pages/CaptainQ.jsx,331,img,descriptive,"Captain Q, instructor to the world's biggest stars"
src/pages/CaptainQ.jsx,342,img,descriptive,Captain Q advanced training
src/pages/CaptainQ.jsx,375,img,descriptive,Q landing a helicopter on a moving car for Top Gear
src/pages/CaptainQ.jsx,405,img,generic,
src/pages/CarouselPicker.jsx,81,img,dynamic,slide.title
src/pages/CarouselPicker.jsx,224,img,dynamic,slide.title
src/pages/CarouselPicker.jsx,359,img,dynamic,slide.title
src/pages/CarouselPicker.jsx,509,img,dynamic,slide.title
src/pages/CarouselPicker.jsx,673,img,dynamic,slide.title
src/pages/CarouselPicker.jsx,847,img,dynamic,slide.title
src/pages/CarouselPicker.jsx,985,img,dynamic,slide.title
src/pages/CarouselPicker.jsx,1114,img,dynamic,slide.title
src/pages/CarouselPicker.jsx,1304,img,dynamic,slide.title
src/pages/CarouselPicker.jsx,1443,img,dynamic,slide.title
src/pages/CarouselPicker.jsx,1481,img,dynamic,slide.title
src/pages/CarouselPickerV2.jsx,70,img,dynamic,slide.title
src/pages/CarouselPickerV2.jsx,124,img,dynamic,slide.title
src/pages/CarouselPickerV2.jsx,181,img,dynamic,slide.title
src/pages/CarouselPickerV2.jsx,235,img,dynamic,slide.title
src/pages/CarouselPickerV2.jsx,292,img,dynamic,slide.title
src/pages/CarouselPickerV2.jsx,346,img,dynamic,slide.title
src/pages/CarouselPickerV2.jsx,404,img,dynamic,slide.title
src/pages/CarouselPickerV2.jsx,458,img,dynamic,slide.title
src/pages/CarouselPickerV2.jsx,517,img,dynamic,slide.title
src/pages/CarouselPickerV2.jsx,571,img,dynamic,slide.title
src/pages/CarouselPickerV2.jsx,626,img,dynamic,slide.title
src/pages/CarouselPickerV2.jsx,683,img,dynamic,slide.title
src/pages/CarouselPickerV2.jsx,738,img,dynamic,slide.title
src/pages/CarouselPickerV2.jsx,794,img,dynamic,slide.title
src/pages/CarouselPickerV2.jsx,851,img,dynamic,slides[activeSlide].title
src/pages/CarouselPickerV2.jsx,904,img,dynamic,slides[activeSlide].title
src/pages/CarouselPickerV2.jsx,957,img,dynamic,slide.title
src/pages/CarouselPickerV2.jsx,1015,img,dynamic,slide.title
src/pages/CarouselPickerV2.jsx,1070,img,dynamic,slide.title
src/pages/CarouselPickerV2.jsx,1125,img,dynamic,slide.title
src/pages/CarouselPickerV2.jsx,1182,img,dynamic,slide.title
src/pages/CarouselPickerV2.jsx,1230,img,dynamic,slide.title
src/pages/CarouselPickerV2.jsx,1280,img,dynamic,slide.title
src/pages/CarouselPickerV2.jsx,1331,img,dynamic,slide.title
src/pages/CarouselPickerV2.jsx,1390,img,dynamic,slide.title
src/pages/CarouselPickerV2.jsx,1446,img,dynamic,slide.title
src/pages/CarouselPickerV2.jsx,1496,img,dynamic,slide.title
src/pages/CarouselPickerV2.jsx,1537,img,dynamic,slide.title
src/pages/CarouselPickerV2.jsx,1596,img,dynamic,slide.title
src/pages/CarouselPickerV2.jsx,1648,img,dynamic,slide.title
src/pages/CarouselPickerV2.jsx,1669,img,dynamic,slide.title
src/pages/CarouselPickerV2.jsx,1719,img,dynamic,slide.title
src/pages/CarouselPickerV2.jsx,1801,img,dynamic,slide.title
src/pages/CarouselPickerV2.jsx,1877,img,dynamic,slide.title
src/pages/CarouselPickerV2.jsx,1933,img,dynamic,slide.title
src/pages/CarouselPickerV2.jsx,1988,img,dynamic,slide.title
src/pages/CarouselPickerV2.jsx,2044,img,dynamic,slide.title
src/pages/CarouselPickerV2.jsx,2097,img,dynamic,slide.title
src/pages/CarouselPickerV2.jsx,2152,img,dynamic,slide.title
src/pages/CarouselPickerV2.jsx,2206,img,dynamic,slide.title
src/pages/CarouselPickerV2.jsx,2261,img,dynamic,slide.title
src/pages/CarouselPickerV2.jsx,2317,img,dynamic,slide.title
src/pages/CarouselPickerV2.jsx,2372,img,dynamic,slide.title
src/pages/CarouselPickerV2.jsx,2427,img,dynamic,slide.title
src/pages/CarouselPickerV2.jsx,2482,img,dynamic,slide.title
src/pages/CarouselPickerV2.jsx,2538,img,dynamic,slide.title
src/pages/CarouselPickerV2.jsx,2592,img,dynamic,slide.title
src/pages/CarouselPickerV2.jsx,2652,img,dynamic,slide.title
src/pages/CarouselPickerV2.jsx,2711,img,dynamic,slide.title
src/pages/CarouselPickerV2.jsx,2766,img,dynamic,slide.title
src/pages/CarouselPickerV2.jsx,2823,img,dynamic,slide.title
src/pages/CarouselPickerV2.jsx,2878,img,dynamic,slide.title
src/pages/CarouselPickerV2.jsx,2936,img,dynamic,slide.title
src/pages/CarouselPickerV2.jsx,2998,img,dynamic,slide.title
src/pages/CarouselPickerV2.jsx,3057,img,dynamic,slide.title
src/pages/CarouselPickerV2.jsx,3146,img,dynamic,slide.title
src/pages/CarouselPickerV2.jsx,3225,img,dynamic,slide.title
src/pages/CarouselPickerV2.jsx,3320,img,dynamic,slide.title
src/pages/CarouselPickerV2.jsx,3401,img,dynamic,slide.title
src/pages/CarouselPickerV2.jsx,3482,img,dynamic,slide.title
src/pages/CarouselPickerV2.jsx,3561,img,dynamic,slide.title
src/pages/CarouselPickerV2.jsx,3638,img,dynamic,slide.title
src/pages/CarouselPickerV2.jsx,3715,img,dynamic,slide.title
src/pages/CarouselPickerV2.jsx,3792,img,dynamic,slide.title
src/pages/CarouselPickerV2.jsx,3869,img,dynamic,slide.title
src/pages/CarouselPickerV2.jsx,3948,img,dynamic,slide.title
src/pages/CarouselPickerV2.jsx,4025,img,dynamic,slide.title
src/pages/CarouselPickerV2.jsx,4102,img,dynamic,slide.title
src/pages/CarouselPickerV2.jsx,4181,img,dynamic,slide.title
src/pages/CarouselPickerV2.jsx,4258,img,dynamic,slide.title
src/pages/CarouselPickerV2.jsx,4336,img,dynamic,slide.title
src/pages/CarouselPickerV2.jsx,4413,img,dynamic,slide.title
src/pages/CarouselPickerV2.jsx,4490,img,dynamic,slide.title
src/pages/CarouselPickerV2.jsx,4567,img,dynamic,slide.title
src/pages/CarouselPickerV2.jsx,4644,img,dynamic,slide.title
src/pages/CarouselPickerV2.jsx,4721,img,dynamic,slide.title
src/pages/CarouselPickerV2.jsx,4801,img,dynamic,slide.title
src/pages/CarouselPickerV2.jsx,4878,img,dynamic,slide.title
src/pages/CarouselPickerV2.jsx,4958,img,dynamic,slide.title
src/pages/CarouselPickerV2.jsx,5036,img,dynamic,slide.title
src/pages/CarouselPickerV2.jsx,5102,img,dynamic,slide.title
src/pages/CarouselPickerV2.jsx,5179,img,dynamic,slide.title
src/pages/CarouselPickerV2.jsx,5255,img,dynamic,slide.title
src/pages/CarouselPickerV2.jsx,5328,img,dynamic,slide.title
src/pages/CarouselPickerV2.jsx,5392,img,dynamic,slide.title
src/pages/CarouselPickerV2.jsx,5444,img,dynamic,slide.title
src/pages/CarouselPickerV2.jsx,5503,img,dynamic,slide.title
src/pages/CarouselPickerV2.jsx,5568,img,dynamic,slide.title
src/pages/CarouselPickerV2.jsx,5628,img,dynamic,slide.title
src/pages/CarouselPickerV2.jsx,5685,img,dynamic,slide.title
src/pages/CarouselPickerV2.jsx,5739,img,dynamic,slide.title
src/pages/CarouselPickerV2.jsx,5795,img,dynamic,slide.title
src/pages/CarouselPickerV2.jsx,5852,img,dynamic,slide.title
src/pages/CarouselPickerV2.jsx,5865,img,dynamic,slide.title
src/pages/CarouselPickerV2.jsx,5898,img,dynamic,slide.title
src/pages/CarouselPickerV2.jsx,5944,img,dynamic,slide.title
src/pages/CarouselPickerV2.jsx,5985,img,dynamic,slide.title
src/pages/CarouselPickerV2.jsx,6031,img,dynamic,slide.title
src/pages/CarouselPickerV2.jsx,6079,img,dynamic,slide.title
src/pages/ComponentShowcase.jsx,136,img,dynamic,dest.name
src/pages/ComponentShowcase.jsx,324,img,descriptive,Expedition Highlights
src/pages/DiscoveryFlight.jsx,166,img,descriptive,HQ Aviation
src/pages/DiscoveryFlight.jsx,282,img,generic,
src/pages/DiscoveryFlight.jsx,344,img,descriptive,HQ Aviation
src/pages/DiscoveryFlight.jsx,521,img,dynamic,aircraft.name
src/pages/DiscoveryFlight.jsx,631,img,dynamic,aircraft.name
src/pages/DiscoveryFlight.jsx,851,img,dynamic,img.alt
src/pages/DiscoveryFlight.jsx,1032,img,dynamic,img.alt
src/pages/DiscoveryFlight.jsx,1214,img,generic,
src/pages/DynamicBlogPost.jsx,163,Image,dynamic,block.alt || ''
src/pages/Expeditions.jsx,51,img,dynamic,exp.title
src/pages/Expeditions.jsx,96,img,descriptive,Bespoke Helicopter Adventure
src/pages/Expeditions.jsx,112,img,descriptive,Captain Q on expedition
src/pages/Experimentation-hero-section.jsx,49,img,descriptive,UK
src/pages/Experimentation-hero-section.jsx,115,img,descriptive,Robinson Authorized Service Center
src/pages/Experimentation-hero-section.jsx,141,img,descriptive,Robinson Authorized Dealer
src/pages/Experimentation-hero-section.jsx,296,img,descriptive,HQ Aviation
src/pages/Experimentation-hero-section.jsx,505,img,generic,
src/pages/Experimentation-hero-section.jsx,511,img,generic,
src/pages/Experimentation-hero-section.jsx,516,img,generic,
src/pages/Experimentation-hero-section.jsx,530,img,generic,
src/pages/Experimentation-hero-section.jsx,536,img,generic,
src/pages/Experimentation-hero-section.jsx,541,img,generic,
src/pages/Experimentation-hero-section.jsx,629,img,generic,
src/pages/Experimentation-hero-section.jsx,636,img,generic,
src/pages/Experimentation-hero-section.jsx,1179,img,dynamic,img.alt
src/pages/Experimentation-hero-section.jsx,1188,img,dynamic,img.alt
src/pages/Experimentation-hero-section.jsx,1208,img,dynamic,img.alt ?? ''
src/pages/Experimentation-hero-section.jsx,1310,img,dynamic,f.model
src/pages/Experimentation-hero-section.jsx,1386,img,dynamic,ac.model
src/pages/Experimentation-hero-section.jsx,1425,img,dynamic,slide.title
src/pages/Experimentation-hero-section.jsx,3718,img,dynamic,awardModal.text
src/pages/Experimentation-hero-section.jsx,3815,img,dynamic,`Letter from ${hitterModal.name
src/pages/Experimentation-hero-section.jsx,3879,img,dynamic,img.alt ?? ''
src/pages/Experimentation-hero-section.jsx,4095,img,dynamic,slide.title
src/pages/Experimentation-hero-section.jsx,4120,img,dynamic,item.title
src/pages/Experimentation-hero-section.jsx,4208,img,descriptive,Map of HQ Aviation at Denham Aerodrome
src/pages/Experimentation-hero-section.jsx,4230,img,dynamic,cmsClubhouseGallery[0]?.alt ?? 'The clubhouse lounge'
src/pages/Experimentation-hero-section.jsx,4234,img,dynamic,cmsClubhouseGallery[1]?.alt ?? 'Globe on the clubhouse desk'
src/pages/Experimentation-hero-section.jsx,4237,img,dynamic,cmsClubhouseGallery[2]?.alt ?? 'Helmet light and framed photos'
src/pages/Experimentation-hero-section.jsx,4241,img,dynamic,cmsClubhouseGallery[3]?.alt ?? 'Captain Q expedition photo on the wall'
src/pages/Experimentation-hero-section.jsx,4244,img,dynamic,cmsClubhouseGallery[4]?.alt ?? 'Helicopter compass instrument'
src/pages/Experimentation-hero-section.jsx,4248,img,dynamic,cmsClubhouseGallery[5]?.alt ?? 'R66 Turbine cockpit instruments'
src/pages/Experimentation-hero-section.jsx,4252,img,dynamic,"cmsClubhouseGallery[6]?.alt ?? ""Air Pilot's Manual on vintage trunk"""
src/pages/Experimentation-hero-section.jsx,4255,img,dynamic,cmsClubhouseGallery[7]?.alt ?? 'Captain Q flying'
src/pages/Experimentation-hero-section.jsx,4259,img,dynamic,cmsClubhouseGallery[8]?.alt ?? 'Helicopters on the airfield'
src/pages/Experimentation-hero-section.jsx,4278,img,dynamic,img.alt ?? ''
src/pages/Experimentation-hero-section.jsx,4321,img,descriptive,Map of HQ Aviation at Denham Aerodrome
src/pages/Experimentation-hero-section.jsx,4458,img,dynamic,img.alt ?? ''
src/pages/Experimentation-hero-section.jsx,4483,img,dynamic,img.alt ?? ''
src/pages/Experimentation-hero-section.jsx,4505,img,dynamic,ac.alt
src/pages/Experimentation-hero-section.jsx,4533,img,dynamic,ac.alt
src/pages/Experimentation-hero-section.jsx,4610,img,dynamic,ac.model
src/pages/Experimentation-hero-section.jsx,4707,img,dynamic,rb.model
src/pages/Experimentation-hero-section.jsx,4778,img,dynamic,rb.model
src/pages/Experimentation-hero-section.jsx,4790,img,generic,
src/pages/Experimentation-hero-section.jsx,4845,img,dynamic,rebuildLightbox.alt
src/pages/Experimentation-hero-section.jsx,5084,img,dynamic,primary.alt || item.name
src/pages/Experimentation-hero-section.jsx,5195,img,generic,
src/pages/Experimentation-hero-section.jsx,5202,img,generic,
src/pages/Experimentation-hero-section.jsx,5341,img,dynamic,post.title
src/pages/Experimentation.jsx,50,img,descriptive,UK
src/pages/Experimentation.jsx,116,img,descriptive,Robinson Authorized Service Center
src/pages/Experimentation.jsx,142,img,descriptive,Robinson Authorized Dealer
src/pages/Experimentation.jsx,300,img,descriptive,HQ Aviation
src/pages/Experimentation.jsx,509,Image,generic,
src/pages/Experimentation.jsx,515,Image,generic,
src/pages/Experimentation.jsx,520,Image,generic,
src/pages/Experimentation.jsx,534,Image,generic,
src/pages/Experimentation.jsx,540,Image,generic,
src/pages/Experimentation.jsx,545,Image,generic,
src/pages/Experimentation.jsx,633,img,generic,
src/pages/Experimentation.jsx,640,img,generic,
src/pages/Experimentation.jsx,1183,img,dynamic,img.alt
src/pages/Experimentation.jsx,1192,img,dynamic,img.alt
src/pages/Experimentation.jsx,1212,img,dynamic,img.alt ?? ''
src/pages/Experimentation.jsx,1314,Image,dynamic,f.model
src/pages/Experimentation.jsx,1390,Image,dynamic,ac.model
src/pages/Experimentation.jsx,1429,Image,dynamic,slide.title
src/pages/Experimentation.jsx,3722,img,dynamic,awardModal.text
src/pages/Experimentation.jsx,3819,img,dynamic,`Letter from ${hitterModal.name
src/pages/Experimentation.jsx,3883,img,dynamic,img.alt ?? ''
src/pages/Experimentation.jsx,4099,Image,dynamic,slide.title
src/pages/Experimentation.jsx,4124,Image,dynamic,item.title
src/pages/Experimentation.jsx,4212,Image,descriptive,Map of HQ Aviation at Denham Aerodrome
src/pages/Experimentation.jsx,4234,Image,dynamic,cmsClubhouseGallery[0]?.alt ?? 'The clubhouse lounge'
src/pages/Experimentation.jsx,4238,Image,dynamic,cmsClubhouseGallery[1]?.alt ?? 'Globe on the clubhouse desk'
src/pages/Experimentation.jsx,4241,Image,dynamic,cmsClubhouseGallery[2]?.alt ?? 'Helmet light and framed photos'
src/pages/Experimentation.jsx,4245,Image,dynamic,cmsClubhouseGallery[3]?.alt ?? 'Captain Q expedition photo on the wall'
src/pages/Experimentation.jsx,4248,Image,dynamic,cmsClubhouseGallery[4]?.alt ?? 'Helicopter compass instrument'
src/pages/Experimentation.jsx,4252,Image,dynamic,cmsClubhouseGallery[5]?.alt ?? 'R66 Turbine cockpit instruments'
src/pages/Experimentation.jsx,4256,Image,dynamic,"cmsClubhouseGallery[6]?.alt ?? ""Air Pilot's Manual on vintage trunk"""
src/pages/Experimentation.jsx,4259,img,dynamic,cmsClubhouseGallery[7]?.alt ?? 'Captain Q flying'
src/pages/Experimentation.jsx,4263,img,dynamic,cmsClubhouseGallery[8]?.alt ?? 'Helicopters on the airfield'
src/pages/Experimentation.jsx,4282,img,dynamic,img.alt ?? ''
src/pages/Experimentation.jsx,4325,img,descriptive,Map of HQ Aviation at Denham Aerodrome
src/pages/Experimentation.jsx,4462,img,dynamic,img.alt ?? ''
src/pages/Experimentation.jsx,4487,img,dynamic,img.alt ?? ''
src/pages/Experimentation.jsx,4509,Image,dynamic,ac.alt
src/pages/Experimentation.jsx,4537,Image,dynamic,ac.alt
src/pages/Experimentation.jsx,4614,img,dynamic,ac.model
src/pages/Experimentation.jsx,4711,Image,dynamic,rb.model
src/pages/Experimentation.jsx,4782,Image,dynamic,rb.model
src/pages/Experimentation.jsx,4794,Image,generic,
src/pages/Experimentation.jsx,4849,img,dynamic,rebuildLightbox.alt
src/pages/Experimentation.jsx,5088,img,dynamic,primary.alt || item.name
src/pages/Experimentation.jsx,5199,img,generic,
src/pages/Experimentation.jsx,5206,img,generic,
src/pages/Experimentation.jsx,5345,img,dynamic,post.title
src/pages/FinalDraft.jsx,34,img,descriptive,UK
src/pages/FinalDraft.jsx,374,img,descriptive,HQ Aviation
src/pages/FinalDraft.jsx,1310,img,generic,
src/pages/FinalDraft.jsx,1328,img,generic,
src/pages/FinalDraft.jsx,1376,img,generic,
src/pages/FinalDraft.jsx,1421,img,generic,
src/pages/FinalDraft.jsx,1719,img,dynamic,slide.title
src/pages/FinalDraft.jsx,1778,img,generic,
src/pages/FinalDraft.jsx,1788,img,descriptive,Cotswolds
src/pages/FinalDraft.jsx,1802,img,descriptive,Le Touquet
src/pages/FinalDraft.jsx,1816,img,descriptive,Scottish Highlands
src/pages/FinalDraft.jsx,1830,img,descriptive,Cornwall
src/pages/FinalDraft.jsx,1887,img,descriptive,R22
src/pages/FinalDraft.jsx,1898,img,descriptive,R44
src/pages/FinalDraft.jsx,1908,img,descriptive,R66
src/pages/FinalDraft.jsx,2017,img,generic,
src/pages/FinalDraft.jsx,2032,img,descriptive,Polar Expeditions
src/pages/FinalDraft.jsx,2054,img,descriptive,European Expeditions
src/pages/FinalDraft.jsx,2071,img,descriptive,Tropical Expeditions
src/pages/FinalDraft.jsx,2152,img,descriptive,Robinson Authorized Dealer
src/pages/FinalDraft.jsx,2198,img,descriptive,R88
src/pages/FinalDraft.jsx,2214,img,descriptive,R66
src/pages/FinalDraft.jsx,2230,img,descriptive,R44
src/pages/FinalDraft.jsx,2246,img,descriptive,R22
src/pages/FinalDraft.jsx,2288,img,descriptive,Robinson Authorized Service Center
src/pages/FinalExpeditions.jsx,111,img,descriptive,HQ Aviation
src/pages/FinalExpeditions.jsx,520,img,descriptive,Expedition Highlights
src/pages/FinalExpeditions.jsx,575,img,dynamic,featuredVideo.title
src/pages/FinalExpeditions.jsx,696,img,dynamic,heli.model
src/pages/FinalExpeditions.jsx,1143,img,dynamic,section.title
src/pages/FinalExpeditions.jsx,1603,Image,generic,
src/pages/FinalExpeditions.jsx,1664,img,descriptive,HQ Aviation
src/pages/FinalMaintenance.jsx,183,img,descriptive,HQ Aviation
src/pages/FinalMaintenance.jsx,223,img,generic,
src/pages/FinalMaintenance.jsx,270,Image,descriptive,Helicopter maintenance
src/pages/FinalMaintenance.jsx,647,img,dynamic,rb.model
src/pages/FinalMaintenance.jsx,703,img,dynamic,rb.model
src/pages/FinalMaintenance.jsx,709,img,generic,
src/pages/FinalMaintenance.jsx,741,img,dynamic,rebuildLightbox.alt
src/pages/FinalMaintenance.jsx,922,img,dynamic,cert.name
src/pages/FinalMaintenance.jsx,1090,img,dynamic,f.title
src/pages/FinalMaintenance.jsx,5195,img,dynamic,cert.title
src/pages/FinalMaintenance.jsx,5394,img,dynamic,a.model
src/pages/FinalPPL.jsx,112,img,descriptive,HQ Aviation
src/pages/FinalPPL.jsx,376,Image,generic,
src/pages/FinalPPL.jsx,438,img,descriptive,HQ Aviation
src/pages/FinalPPL.jsx,506,img,descriptive,Quentin Smith
src/pages/FinalPPL.jsx,535,img,descriptive,Mackie Alcantara
src/pages/FinalPPL.jsx,698,img,descriptive,Discovery flight over countryside
src/pages/Fleet.jsx,111,img,descriptive,HQ Aviation
src/pages/Fleet.jsx,337,img,descriptive,HQ Aviation Fleet
src/pages/Fleet.jsx,553,img,dynamic,aircraft.model
src/pages/Fleet.jsx,764,img,dynamic,selectedAircraft.model
src/pages/Fleet.jsx,927,img,generic,
src/pages/Fleet.jsx,940,img,generic,
src/pages/Fleet.jsx,960,img,descriptive,MD 500 Helicopter
src/pages/Fleet.jsx,1016,img,descriptive,Robinson Authorized Dealer
src/pages/Fleet.jsx,1428,img,descriptive,Discovery flight over countryside
src/pages/FlyingVariations.jsx,165,img,dynamic,s.title
src/pages/FlyingVariations.jsx,278,img,dynamic,slide.title
src/pages/FlyingVariations.jsx,373,img,dynamic,slide.title
src/pages/FlyingVariations.jsx,418,img,dynamic,slide.title
src/pages/FlyingVariations.jsx,486,img,generic,
src/pages/FlyingVariations.jsx,537,img,dynamic,slide.title
src/pages/FlyingVariations.jsx,589,img,dynamic,slideL.title
src/pages/FlyingVariations.jsx,600,img,dynamic,slideR.title
src/pages/FlyingVariations.jsx,646,img,dynamic,slide.title
src/pages/FlyingVariations.jsx,667,img,dynamic,s.title
src/pages/FlyingVariations.jsx,702,img,dynamic,slide.title
src/pages/FlyingVariations.jsx,778,img,dynamic,slide.title
src/pages/FlyingVariations.jsx,817,img,dynamic,slide.title
src/pages/FlyingVariations.jsx,874,img,dynamic,slide.title
src/pages/FlyingVariations.jsx,923,img,dynamic,slide.title
src/pages/FlyingVariations.jsx,971,img,dynamic,slide.title
src/pages/FlyingVariations.jsx,1022,img,dynamic,slide.title
src/pages/FlyingVariations.jsx,1066,img,dynamic,s.title
src/pages/FlyingVariations.jsx,1084,img,dynamic,slide.title
src/pages/FlyingVariations.jsx,1124,img,dynamic,slide.title
src/pages/FlyingVariations.jsx,1158,img,dynamic,slide.title
src/pages/FlyingVariations.jsx,1200,img,dynamic,slide.title
src/pages/FlyingVariations.jsx,1269,img,dynamic,slide.title
src/pages/HQAccount.jsx,831,img,descriptive,HQ Aviation
src/pages/HQAccount.jsx,1158,img,descriptive,UK CAA
src/pages/HQAccount.jsx,1164,img,descriptive,Robinson Helicopter
src/pages/HelicopterTourOfLondon.jsx,106,img,descriptive,HQ Aviation
src/pages/HelicopterTourOfLondon.jsx,384,img,descriptive,London aerial view
src/pages/HelicopterTourOfLondon.jsx,551,img,dynamic,pageImages['helicopter-tour-gallery']?.[i]?.alt || img.alt
src/pages/HeroSectionFinal.jsx,40,img,descriptive,HQ Aviation
src/pages/HeroSectionFinal.jsx,52,img,descriptive,UK
src/pages/HeroSectionFinal.jsx,243,img,generic,
src/pages/HeroSectionFinalTesting-v2.jsx,49,img,descriptive,HQ Aviation
src/pages/HeroSectionFinalTesting-v2.jsx,61,img,descriptive,UK
src/pages/HeroSectionFinalTesting-v2.jsx,175,img,descriptive,HQ Aviation
src/pages/HeroSectionFinalTesting-v2.jsx,321,img,dynamic,file
src/pages/HeroSectionFinalTesting-v2.jsx,812,Image,generic,
src/pages/HeroSectionFinalTesting.jsx,37,img,descriptive,HQ Aviation
src/pages/HeroSectionFinalTesting.jsx,49,img,descriptive,UK
src/pages/HeroSectionFinalTesting.jsx,200,img,descriptive,HQ Aviation
src/pages/HeroSectionFinalTesting.jsx,346,img,dynamic,file
src/pages/HeroSectionFinalTesting.jsx,662,img,generic,
src/pages/HeroSectionTest.jsx,78,img,descriptive,HQ Aviation
src/pages/HeroSectionTest.jsx,90,img,descriptive,UK
src/pages/HeroSectionTest.jsx,220,img,generic,
src/pages/HeroSectionTest.jsx,227,img,generic,
src/pages/HeroSectionTest.jsx,284,img,generic,
src/pages/HeroSectionTest.jsx,312,img,generic,
src/pages/HeroSectionTest.jsx,384,img,generic,
src/pages/HeroSectionTest.jsx,435,img,generic,
src/pages/HeroSectionTest.jsx,451,img,generic,
src/pages/HeroSectionTest.jsx,497,img,generic,
src/pages/HeroSectionTest.jsx,564,img,generic,
src/pages/HeroSectionTest.jsx,667,img,generic,
src/pages/HeroSectionTest.jsx,719,img,generic,
src/pages/HeroSectionTest.jsx,763,img,generic,
src/pages/HeroSectionTest.jsx,797,img,generic,
src/pages/HeroSectionTest.jsx,847,img,generic,
src/pages/HeroSectionTest.jsx,898,img,generic,
src/pages/HeroSectionTest.jsx,921,img,generic,
src/pages/HeroSectionTest.jsx,1005,img,generic,
src/pages/HeroSectionTest.jsx,1100,img,generic,
src/pages/HeroSectionTest.jsx,1116,img,generic,
src/pages/HeroSectionTest.jsx,1120,img,generic,
src/pages/HeroSectionTest.jsx,1154,img,generic,
src/pages/HeroSectionTest.jsx,1190,img,generic,
src/pages/HeroSectionTest.jsx,1233,img,generic,
src/pages/HeroSectionTest.jsx,1275,img,generic,
src/pages/HeroSectionTest.jsx,1324,img,generic,
src/pages/HeroSectionTest.jsx,1358,img,generic,
src/pages/HeroSectionTest.jsx,1409,img,generic,
src/pages/HeroSectionTest.jsx,1456,img,generic,
src/pages/HeroSectionTest.jsx,1513,img,generic,
src/pages/HeroSectionTest.jsx,1550,img,generic,
src/pages/HeroSectionTest.jsx,1554,img,generic,
src/pages/HeroSectionTest.jsx,1595,img,generic,
src/pages/HeroSectionTest.jsx,1635,img,generic,
src/pages/HeroSectionTest.jsx,1698,img,generic,
src/pages/HeroSectionTest.jsx,1740,img,generic,
src/pages/HeroSectionTest.jsx,1781,img,generic,
src/pages/HeroSectionTest.jsx,1862,img,generic,
src/pages/HeroSectionTest.jsx,1933,img,generic,
src/pages/HeroSectionTest.jsx,2064,img,dynamic,img.caption
src/pages/HeroSectionTest.jsx,2118,img,dynamic,w.label
src/pages/HeroSectionTest.jsx,2169,img,generic,
src/pages/HeroSectionTest.jsx,2223,img,generic,
src/pages/HeroSectionTest.jsx,2239,img,generic,
src/pages/HeroSectionTest.jsx,2288,img,dynamic,p.label
src/pages/HeroSectionTest.jsx,2328,img,generic,
src/pages/HeroSectionTest.jsx,2348,img,generic,
src/pages/HeroSectionTest.jsx,2404,img,dynamic,card.label
src/pages/HeroSectionTest.jsx,2443,img,generic,
src/pages/Home.jsx,95,Image,dynamic,image.alt
src/pages/Home.jsx,163,img,dynamic,image.alt
src/pages/Home.jsx,327,img,dynamic,slide.title
src/pages/Home.jsx,397,img,descriptive,Robinson Helicopter Service Centre
src/pages/Home.jsx,449,img,dynamic,slide.title
src/pages/Home.jsx,535,img,descriptive,Robinson Helicopter Company - 2025 Authorized Dealer
src/pages/Home.jsx,587,img,dynamic,slide.title
src/pages/JourneyPicker.jsx,5581,img,descriptive,HQ Aviation
src/pages/Leaseback.jsx,101,img,descriptive,HQ Aviation
src/pages/Leaseback.jsx,179,img,descriptive,HQ Aviation Leaseback Program
src/pages/Leaseback.jsx,419,img,dynamic,imgAlt
src/pages/Maintenance.jsx,85,img,descriptive,HQ Aviation Maintenance Hangar
src/pages/Maintenance.jsx,103,img,descriptive,Robinson Helicopter Overhaul at HQ Aviation
src/pages/Maintenance.jsx,126,img,descriptive,Robinson Authorized Service Centre
src/pages/Maintenance.jsx,133,img,descriptive,EASA Approved
src/pages/Maintenance.jsx,178,img,dynamic,heli.model
src/pages/Maintenance.jsx,210,img,descriptive,Guimbal Cabri G2 Maintenance
src/pages/Misc.jsx,300,img,dynamic,primary.alt || item.name
src/pages/MiscItemDetail.jsx,382,img,dynamic,img.alt || item.name
src/pages/MiscItemDetail.jsx,412,img,dynamic,img.alt || `${item.name
src/pages/MobileSecondSection.jsx,53,img,dynamic,img.alt
src/pages/MobileSecondSection.jsx,76,img,descriptive,Map of HQ
src/pages/MobileSecondSection.jsx,100,img,dynamic,IMAGES[0].alt
src/pages/MobileSecondSection.jsx,111,img,dynamic,img.alt
src/pages/MobileSecondSection.jsx,131,img,descriptive,Map of HQ
src/pages/MobileSecondSection.jsx,158,img,dynamic,img.alt
src/pages/MobileSecondSection.jsx,187,img,descriptive,Map of HQ
src/pages/MobileSecondSection.jsx,215,img,dynamic,img.alt
src/pages/MobileSecondSection.jsx,249,img,descriptive,Map of HQ
src/pages/MobileSecondSection.jsx,276,img,dynamic,IMAGES[0].alt
src/pages/MobileSecondSection.jsx,282,img,dynamic,IMAGES[1].alt
src/pages/MobileSecondSection.jsx,283,img,dynamic,IMAGES[2].alt
src/pages/MobileSecondSection.jsx,297,img,dynamic,IMAGES[3].alt
src/pages/MobileSecondSection.jsx,304,img,dynamic,IMAGES[5].alt
src/pages/MobileSecondSection.jsx,305,img,dynamic,IMAGES[6].alt
src/pages/MobileSecondSection.jsx,309,img,descriptive,Map of HQ
src/pages/MobileSecondSection.jsx,333,img,dynamic,img.alt
src/pages/MobileSecondSection.jsx,357,img,descriptive,Map of HQ
src/pages/MobileSecondSection.jsx,397,img,dynamic,img.alt
src/pages/MobileSecondSection.jsx,427,img,descriptive,Map of HQ
src/pages/MobileSecondSection.jsx,449,img,dynamic,IMAGES[0].alt
src/pages/MobileSecondSection.jsx,463,img,dynamic,img.alt
src/pages/MobileSecondSection.jsx,483,img,descriptive,Map of HQ
src/pages/MobileSecondSection.jsx,545,img,dynamic,img.alt
src/pages/MobileSecondSection.jsx,571,img,descriptive,Map of HQ
src/pages/MobileSecondSection.jsx,593,img,dynamic,IMAGES[0].alt
src/pages/MobileSecondSection.jsx,615,img,dynamic,img.alt
src/pages/MobileSecondSection.jsx,635,img,descriptive,Map of HQ
src/pages/MobileSecondSection.jsx,677,img,dynamic,IMAGES[0].alt
src/pages/MobileSecondSection.jsx,684,img,dynamic,IMAGES[1].alt
src/pages/MobileSecondSection.jsx,685,img,dynamic,IMAGES[2].alt
src/pages/MobileSecondSection.jsx,701,img,dynamic,IMAGES[4].alt
src/pages/MobileSecondSection.jsx,702,img,dynamic,IMAGES[5].alt
src/pages/MobileSecondSection.jsx,709,img,dynamic,IMAGES[8].alt
src/pages/MobileSecondSection.jsx,716,img,dynamic,IMAGES[6].alt
src/pages/MobileSecondSection.jsx,717,img,dynamic,IMAGES[7].alt
src/pages/MobileSecondSection.jsx,722,img,descriptive,Map of HQ
src/pages/MobileSecondSection.jsx,769,img,dynamic,img.alt
src/pages/MobileSecondSection.jsx,806,img,descriptive,Map of HQ
src/pages/MobileSecondSection.jsx,861,img,dynamic,img.alt
src/pages/MobileSecondSection.jsx,902,img,descriptive,Map of HQ
src/pages/NightRating.jsx,99,img,descriptive,HQ Aviation
src/pages/PPL.jsx,127,img,descriptive,Helicopter flight training
src/pages/PPL.jsx,209,img,descriptive,Student pilot in training
src/pages/PPL.jsx,417,img,descriptive,Helicopter in flight
src/pages/PPLPicker.jsx,617,img,descriptive,R66 in flight
src/pages/PPLPicker.jsx,643,img,descriptive,Quentin Smith
src/pages/PPLPicker.jsx,651,img,descriptive,Cockpit view
src/pages/PPLPicker.jsx,666,img,descriptive,HQ Aviation Hangar
src/pages/PPLPicker.jsx,682,img,descriptive,Antarctica Expedition
src/pages/PPLPicker.jsx,694,img,descriptive,Sunset flight
src/pages/PPLPicker.jsx,707,img,descriptive,Graduate celebration
src/pages/PPLPicker.jsx,724,img,descriptive,British Helicopter Team
src/pages/PPLPicker.jsx,730,img,descriptive,Robinson
src/pages/PPLPicker.jsx,740,img,descriptive,Training session
src/pages/PPLPicker.jsx,759,img,descriptive,Scenic helicopter flight
src/pages/PPLPicker.jsx,779,img,descriptive,Frame 1
src/pages/PPLPicker.jsx,783,img,descriptive,Frame 2
src/pages/PPLPicker.jsx,787,img,descriptive,Frame 3
src/pages/PPLPicker.jsx,791,img,descriptive,Frame 4
src/pages/PPLPicker.jsx,795,img,descriptive,Frame 5
src/pages/PPLPicker.jsx,887,img,descriptive,Magazine cover
src/pages/PPLPicker.jsx,910,img,descriptive,Training
src/pages/PPLPicker.jsx,919,img,descriptive,Flying
src/pages/PPLPicker.jsx,1036,img,descriptive,Memory 1
src/pages/PPLPicker.jsx,1040,img,descriptive,Memory 2
src/pages/PPLPicker.jsx,1044,img,descriptive,Memory 3
src/pages/PPLPicker.jsx,1061,img,descriptive,Background
src/pages/PPLPicker.jsx,1090,img,descriptive,Hero
src/pages/PPLPicker.jsx,1104,img,descriptive,Scenic flight
src/pages/PPLPicker.jsx,1136,img,descriptive,Scenic flight
src/pages/PPLPicker.jsx,1174,img,descriptive,Scenic flight
src/pages/PPLPicker.jsx,1246,img,descriptive,Scenic flight
src/pages/PPLPicker.jsx,1291,img,descriptive,Scenic flight
src/pages/PPLPicker.jsx,1345,img,descriptive,Scenic flight
src/pages/PPLPicker.jsx,1395,img,descriptive,Scenic flight
src/pages/PPLPicker.jsx,1452,img,descriptive,Scenic flight
src/pages/PPLPicker.jsx,1484,img,descriptive,Scenic flight
src/pages/PPLPicker.jsx,1510,img,descriptive,Scenic flight
src/pages/PPLPicker.jsx,1555,img,descriptive,Scenic flight
src/pages/PPLPicker.jsx,1588,img,descriptive,Scenic flight
src/pages/PPLPicker.jsx,1633,img,descriptive,Scenic flight
src/pages/PPLPicker.jsx,1687,img,descriptive,Scenic flight
src/pages/PPLPicker.jsx,1732,img,descriptive,Scenic flight
src/pages/PPLPicker.jsx,1790,img,descriptive,Helicopter flying
src/pages/PPLPicker.jsx,1799,img,descriptive,HQ Facility
src/pages/PPLPicker.jsx,1816,img,descriptive,Training
src/pages/PPLPicker.jsx,1817,img,descriptive,Flight
src/pages/PPLPicker.jsx,1818,img,descriptive,Success
src/pages/PPLPicker.jsx,1826,img,descriptive,Quentin Smith
src/pages/PPLPicker.jsx,1871,img,descriptive,HQ Aviation
src/pages/PPLPicker.jsx,1893,img,descriptive,Quentin Smith
src/pages/PPLPicker.jsx,1966,img,descriptive,Instructor
src/pages/PPLPicker.jsx,1972,img,descriptive,Fleet
src/pages/PPLPicker.jsx,1978,img,descriptive,Graduates
src/pages/PPLPicker.jsx,2065,img,descriptive,HQ Aviation
src/pages/PPLPicker.jsx,2089,img,descriptive,Quentin Smith
src/pages/PPLPicker.jsx,2151,img,descriptive,Training
src/pages/PPLPicker.jsx,2319,img,descriptive,Background
src/pages/PPLPicker.jsx,2494,img,descriptive,Pilot logbook
src/pages/PPLPicker.jsx,2785,img,descriptive,R22
src/pages/PPLPicker.jsx,2792,img,descriptive,R66
src/pages/PPLPicker.jsx,3109,img,descriptive,Trial flight
src/pages/PPLPicker.jsx,3157,img,descriptive,CAA Approved
src/pages/PPLPicker.jsx,3158,img,descriptive,Robinson
src/pages/PPLPicker.jsx,3220,img,descriptive,Discovery flight
src/pages/PPLPicker.jsx,3235,img,descriptive,HQ Aviation Hangar
src/pages/PPLPicker.jsx,3306,img,descriptive,Background
src/pages/PPLPicker.jsx,3310,img,descriptive,HQ Aviation
src/pages/PPLPicker.jsx,3369,img,descriptive,Flying
src/pages/PPLPicker.jsx,3424,img,descriptive,CAA
src/pages/PPLPicker.jsx,3428,img,descriptive,Robinson
src/pages/PilotProvisioning.jsx,94,img,descriptive,HQ Aviation
src/pages/PilotProvisioning.jsx,331,img,dynamic,panel.title
src/pages/R66BenefitsVariations.jsx,1404,img,generic,
src/pages/R66BenefitsVariations.jsx,1618,img,generic,
src/pages/R66BenefitsVariations.jsx,1732,img,generic,
src/pages/Rebuilds.jsx,76,img,descriptive,HQ Aviation
src/pages/Rebuilds.jsx,221,img,dynamic,`${steps[rebuildStep].label
src/pages/Rebuilds.jsx,229,img,dynamic,`${steps[rebuildStep].label
src/pages/Rebuilds.jsx,438,img,descriptive,Helicopter Rebuild
src/pages/Rebuilds.jsx,510,img,dynamic,m.model
src/pages/Sales.jsx,96,img,descriptive,HQ Aviation
src/pages/Sales.jsx,1117,Image,generic,
src/pages/Sales.jsx,1506,img,dynamic,video.title
src/pages/Sales.jsx,1526,img,descriptive,Robinson Authorized Dealer
src/pages/Sales.jsx,1533,img,descriptive,Robinson Authorized Service Center
src/pages/Sales.jsx,1714,img,descriptive,Hayward Aviation
src/pages/Sales.jsx,1756,img,descriptive,R88
src/pages/Sales.jsx,1761,img,descriptive,R66
src/pages/Sales.jsx,1765,img,descriptive,R66 Interior
src/pages/Sales.jsx,1770,img,descriptive,R88 Cockpit
src/pages/Sales.jsx,1775,img,descriptive,Avionics
src/pages/Sales.jsx,1779,img,descriptive,R66 Riviera
src/pages/Sales.jsx,1784,img,descriptive,R44 Raven II
src/pages/Sales.jsx,1789,img,descriptive,R22 Beta II
src/pages/Sales.jsx,1793,img,descriptive,R88 Profile
src/pages/SelfFlyHire.jsx,97,img,descriptive,HQ Aviation
src/pages/SelfFlyHire.jsx,329,img,descriptive,HQ Aviation self-fly hire
src/pages/SelfFlyHire.jsx,370,img,descriptive,HQ Aviation fleet at Denham
src/pages/SelfFlyHire.jsx,452,img,dynamic,activeAircraft.model
src/pages/Services.jsx,86,img,descriptive,UK CAA
src/pages/Services.jsx,90,img,descriptive,Robinson
src/pages/Sitemap.jsx,180,img,descriptive,HQ Aviation
src/pages/SlidingGalleryVariations.jsx,98,img,generic,
src/pages/SlidingGalleryVariations.jsx,117,img,generic,
src/pages/SlidingGalleryVariations.jsx,163,img,generic,
src/pages/SlidingGalleryVariations.jsx,207,img,generic,
src/pages/SlidingGalleryVariations.jsx,231,img,generic,
src/pages/SlidingGalleryVariations.jsx,286,img,generic,
src/pages/SlidingGalleryVariations.jsx,308,img,generic,
src/pages/SlidingGalleryVariations.jsx,358,img,generic,
src/pages/SlidingGalleryVariations.jsx,371,img,generic,
src/pages/SlidingGalleryVariations.jsx,409,img,generic,
src/pages/SlidingGalleryVariations.jsx,421,img,generic,
src/pages/SlidingGalleryVariations.jsx,458,img,generic,
src/pages/SlidingGalleryVariations.jsx,475,img,generic,
src/pages/SlidingGalleryVariations.jsx,522,img,generic,
src/pages/SlidingGalleryVariations.jsx,535,img,generic,
src/pages/SlidingGalleryVariations.jsx,573,img,generic,
src/pages/SlidingGalleryVariations.jsx,589,img,generic,
src/pages/SlidingGalleryVariations.jsx,627,img,generic,
src/pages/SlidingGalleryVariations.jsx,677,img,generic,
src/pages/SlidingGalleryVariations.jsx,693,img,generic,
src/pages/SlidingGalleryVariations.jsx,739,img,generic,
src/pages/SlidingGalleryVariations.jsx,761,img,generic,
src/pages/SlidingGalleryVariations.jsx,803,img,generic,
src/pages/SlidingGalleryVariations.jsx,808,img,generic,
src/pages/SlidingGalleryVariations.jsx,818,img,generic,
src/pages/SlidingGalleryVariations.jsx,852,img,generic,
src/pages/SlidingGalleryVariations.jsx,866,img,generic,
src/pages/SlidingGalleryVariations.jsx,901,img,generic,
src/pages/SlidingGalleryVariations.jsx,915,img,generic,
src/pages/SlidingGalleryVariations.jsx,947,img,generic,
src/pages/SlidingGalleryVariations.jsx,960,img,generic,
src/pages/SlidingGalleryVariations.jsx,997,img,generic,
src/pages/SlidingGalleryVariations.jsx,1042,img,generic,
src/pages/SlidingGalleryVariations.jsx,1056,img,generic,
src/pages/SlidingGalleryVariations.jsx,1093,img,generic,
src/pages/SlidingGalleryVariations.jsx,1107,img,generic,
src/pages/SlidingGalleryVariations.jsx,1145,img,generic,
src/pages/SlidingGalleryVariations.jsx,1151,img,generic,
src/pages/SlidingGalleryVariations.jsx,1164,img,generic,
src/pages/SlidingGalleryVariations.jsx,1170,img,generic,
src/pages/SlidingGalleryVariations.jsx,1207,img,generic,
src/pages/SlidingGalleryVariations.jsx,1223,img,generic,
src/pages/SlidingGalleryVariations.jsx,1260,img,generic,
src/pages/SlidingGalleryVariations.jsx,1277,img,generic,
src/pages/SlidingGalleryVariations.jsx,1320,img,generic,
src/pages/SlidingGalleryVariations.jsx,1339,img,generic,
src/pages/SlidingGalleryVariations.jsx,1376,img,generic,
src/pages/SlidingGalleryVariations.jsx,1391,img,generic,
src/pages/SlidingGalleryVariations.jsx,1425,img,generic,
src/pages/SlidingGalleryVariations.jsx,1439,img,generic,
src/pages/SlidingGalleryVariations.jsx,1491,img,generic,
src/pages/SlidingGalleryVariations.jsx,1544,img,generic,
src/pages/SlidingGalleryVariations.jsx,1588,img,generic,
src/pages/SlidingGalleryVariations.jsx,1604,img,generic,
src/pages/SlidingGalleryVariations.jsx,1641,img,generic,
src/pages/SlidingGalleryVariations.jsx,1657,img,generic,
src/pages/SlidingGalleryVariations.jsx,1709,img,generic,
src/pages/SlidingGalleryVariations.jsx,1749,img,generic,
src/pages/SlidingGalleryVariations.jsx,1765,img,generic,
src/pages/SlidingGalleryVariations.jsx,1801,img,generic,
src/pages/SlidingGalleryVariations.jsx,1815,img,generic,
src/pages/SlidingGalleryVariations.jsx,1858,img,generic,
src/pages/SlidingGalleryVariations.jsx,1902,img,generic,
src/pages/SlidingGalleryVariations.jsx,1919,img,generic,
src/pages/SlidingGalleryVariations.jsx,1967,img,generic,
src/pages/SlidingGalleryVariations.jsx,2004,img,generic,
src/pages/SlidingGalleryVariations.jsx,2018,img,generic,
src/pages/SlidingGalleryVariations.jsx,2066,img,generic,
src/pages/SlidingGalleryVariations.jsx,2080,img,generic,
src/pages/SlidingGalleryVariations.jsx,2134,img,generic,
src/pages/SlidingGalleryVariations.jsx,2152,img,generic,
src/pages/SlidingGalleryVariations.jsx,2197,img,generic,
src/pages/SlidingGalleryVariations.jsx,2211,img,generic,
src/pages/SlidingGalleryVariations.jsx,2258,img,generic,
src/pages/SlidingGalleryVariations.jsx,2272,img,generic,
src/pages/SlidingGalleryVariations.jsx,2337,img,generic,
src/pages/SlidingGalleryVariations.jsx,2353,img,generic,
src/pages/SlidingGalleryVariations.jsx,2404,img,generic,
src/pages/SlidingGalleryVariations.jsx,2484,img,generic,
src/pages/SlidingGalleryVariations.jsx,2550,img,generic,
src/pages/SlidingGalleryVariations.jsx,2638,img,generic,
src/pages/SlidingGalleryVariations.jsx,2694,img,generic,
src/pages/SlidingGalleryVariations.jsx,2782,img,generic,
src/pages/SlidingGalleryVariations.jsx,2844,img,generic,
src/pages/SlidingGalleryVariations.jsx,2860,img,generic,
src/pages/SlidingGalleryVariations.jsx,2916,img,generic,
src/pages/SlidingGalleryVariations.jsx,3007,img,generic,
src/pages/SlidingGalleryVariations.jsx,3023,img,generic,
src/pages/SuperYachtOps.jsx,96,img,descriptive,HQ Aviation
src/pages/SuperYachtOps.jsx,344,img,descriptive,HQ superyacht helicopter operations
src/pages/Training.jsx,87,img,descriptive,Helicopter Flight Training at HQ Aviation
src/pages/Training.jsx,129,img,descriptive,Trial Helicopter Lesson
src/pages/TrainingFAQ.jsx,99,img,descriptive,HQ Aviation Instructor answering questions
src/pages/TypeRating.jsx,99,img,descriptive,HQ Aviation
src/pages/TypeRating.jsx,206,img,dynamic,aircraft.model
src/pages/TypeRating.jsx,516,img,descriptive,Helicopter cockpit
src/pages/TypeRating.jsx,616,img,descriptive,Helicopter in flight
src/pages/UsedAircraftDetail.jsx,683,Image,dynamic,img.alt || `${aircraft.model
src/pages/UsedAircraftDetail.jsx,710,Image,dynamic,img.alt || ''
src/pages/UsedAircraftDetail.jsx,878,Image,dynamic,images[currentSlide]?.alt || aircraft.model
src/pages/UsedSales.jsx,114,img,descriptive,HQ Aviation
src/pages/UsedSales.jsx,180,Image,dynamic,model
src/pages/UsedSales.jsx,196,Image,dynamic,img.alt || model
src/pages/UsedSales.jsx,440,Image,descriptive,Pre-Owned Helicopters
src/pages/UsedSales2.jsx,135,img,dynamic,model
src/pages/UsedSales2.jsx,156,img,dynamic,img.alt || model
src/pages/UsedSales2.jsx,280,img,descriptive,Pre-Owned Helicopters
src/pages/UsedSales2.jsx,308,img,descriptive,HQ Aviation
src/pages/UsedSalesVariations.jsx,121,img,descriptive,HQ Aviation
src/pages/UsedSalesVariations.jsx,157,img,dynamic,model
src/pages/UsedSalesVariations.jsx,173,img,dynamic,img.alt || model
src/pages/UsedSalesVariations.jsx,206,img,descriptive,Pre-Owned Helicopters
src/pages/UsedSalesVariations.jsx,269,img,descriptive,Pre-Owned
src/pages/UsedSalesVariations.jsx,312,img,descriptive,Pre-Owned
src/pages/UsedSalesVariations.jsx,379,img,descriptive,Pre-Owned
src/pages/UsedSalesVariations.jsx,412,img,descriptive,Helicopter on tarmac
src/pages/UsedSalesVariations.jsx,454,img,descriptive,Pre-Owned
src/pages/UsedSalesVariations.jsx,493,img,descriptive,Pre-Owned
src/pages/UsedSalesVariations.jsx,521,img,descriptive,Pre-Owned
src/pages/UsedSalesVariations.jsx,571,img,descriptive,Pre-Owned
src/pages/VideoSliderPicker.jsx,50,img,dynamic,v.title
src/pages/VideoSliderPicker.jsx,351,img,dynamic,v.title
src/pages/VideoSliderPicker.jsx,384,img,dynamic,v.title
src/pages/VideoSliderPicker.jsx,574,img,dynamic,v.title
src/pages/WallOfCoolCenterCardVariations.jsx,208,img,dynamic,img.alt
src/pages/WallOfCoolCenterCardVariations.jsx,214,img,dynamic,img.alt
src/pages/WallOfCoolCenterCardVariations2.jsx,196,img,dynamic,img.alt
src/pages/WallOfCoolCenterCardVariations2.jsx,202,img,dynamic,img.alt
src/pages/WallOfCoolCenterCardVariations3.jsx,349,img,dynamic,img.alt
src/pages/WallOfCoolCenterCardVariations3.jsx,355,img,dynamic,img.alt
src/pages/WallOfCoolCenterCardVariations4.jsx,498,img,dynamic,img.alt
src/pages/WallOfCoolCenterCardVariations4.jsx,504,img,dynamic,img.alt
src/pages/WallOfCoolCompassCard.jsx,225,img,dynamic,img.alt
src/pages/WallOfCoolCompassCard.jsx,231,img,dynamic,img.alt
src/pages/WallOfCoolFinalCard.jsx,59,img,dynamic,img.alt
src/pages/WallOfCoolFinalCard.jsx,65,img,dynamic,img.alt
src/pages/WallOfCoolFinalCardR66.jsx,29,img,generic,
src/pages/WallOfCoolFinalCardR66.jsx,45,img,generic,
src/pages/WallOfCoolFinalCardR66.jsx,58,img,generic,
src/pages/WallOfCoolFinalCardR66.jsx,71,img,generic,
src/pages/WallOfCoolFinalCardR66.jsx,100,img,dynamic,img.alt
src/pages/WallOfCoolFinalCardR66.jsx,106,img,dynamic,img.alt
src/pages/WallOfCoolFinalCardSky.jsx,56,img,dynamic,img.alt
src/pages/WallOfCoolFinalCardSky.jsx,62,img,dynamic,img.alt
src/pages/WallOfCoolGalleryGradientVariations.jsx,44,img,generic,
src/pages/WallOfCoolGalleryGradientVariations.jsx,60,img,dynamic,img.alt
src/pages/WallOfCoolGalleryGradientVariations.jsx,66,img,dynamic,img.alt
src/pages/WallOfCoolGradientVariations.jsx,45,img,generic,
src/pages/WallOfCoolGradientVariations.jsx,77,img,dynamic,img.alt
src/pages/WallOfCoolGradientVariations.jsx,91,img,generic,
src/pages/WallOfCoolGradientVariations.jsx,110,img,dynamic,img.alt
src/pages/WallOfCoolGradientVariations.jsx,116,img,dynamic,img.alt
src/pages/WallOfCoolTitleVariations.jsx,40,img,dynamic,img.alt
src/pages/WallOfCoolTitleVariations.jsx,136,img,dynamic,img.alt
src/pages/WallOfCoolTitleVariations.jsx,169,img,dynamic,img.alt
src/pages/WallOfCoolTitleVariations.jsx,194,img,dynamic,img.alt
src/pages/WallOfCoolTitleVariations.jsx,301,img,dynamic,img.alt
src/pages/WallOfCoolTitleVariations.jsx,308,img,dynamic,img.alt
src/pages/WallOfCoolVariations.jsx,84,img,dynamic,img.alt
src/pages/admin/AdminBlogEdit.jsx,307,img,dynamic,block.alt
src/pages/admin/AdminBlogEdit.jsx,490,img,dynamic,block.alt
src/pages/admin/AdminBlogEdit.jsx,648,img,descriptive,cover
src/pages/admin/AdminBlogEdit.jsx,712,img,descriptive,cover
src/pages/admin/AdminEditImagesMode.jsx,545,img,dynamic,img.alt ?? ''
src/pages/admin/AdminEditImagesMode.jsx,652,img,dynamic,img.name
src/pages/admin/AdminImages.jsx,165,img,dynamic,img.alt
src/pages/admin/AdminImages.jsx,259,img,dynamic,img.alt
src/pages/admin/AdminImages.jsx,337,img,dynamic,img.alt
src/pages/admin/AdminListingEdit.jsx,280,img,dynamic,img.alt
src/pages/admin/AdminMiscItemEdit.jsx,433,img,dynamic,img.alt
src/pages/admin/AdminPartEdit.jsx,261,img,dynamic,img.alt
src/pages/admin/AdminWallOfCool.jsx,410,img,generic,
src/pages/admin/AdminWallOfCool.jsx,507,img,dynamic,item.alt || ''
src/pages/admin/AdminWallOfCool.jsx,576,img,generic,
src/pages/admin/AdminWallOfCool.jsx,671,img,generic,
src/components/AwesomeComponents/EditorialGrid.jsx,71,img,dynamic,cell.alt
src/components/AwesomeComponents/EditorialGrid.jsx,552,img,dynamic,cell.alt
src/components/AwesomeComponents/EditorialGrid.jsx,562,img,dynamic,cell.alt
src/components/AwesomeComponents/EditorialGrid.jsx,570,img,dynamic,cell.alt
src/components/AwesomeComponents/EditorialGrid.jsx,611,img,dynamic,img?.alt || ''
src/components/AwesomeComponents/EditorialGrid.jsx,990,img,dynamic,allGalleryImages[fsSlide].alt
src/components/AwesomeComponents/EditorialGrid.jsx,1003,img,dynamic,img.alt
src/components/AwesomeComponents/EditorialGrid.jsx,1008,img,dynamic,img.alt
src/components/AwesomeComponents/EditorialGrid.jsx,1015,img,dynamic,img.alt
src/components/AwesomeComponents/EditorialGrid.jsx,1020,img,dynamic,img.alt
src/components/AwesomeComponents/PrecisionEngineering.jsx,61,img,generic,
src/components/Content/FounderSpotlight.jsx,30,img,descriptive,Captain Quentin Smith
src/components/Content/ScrollingStrips.jsx,135,img,generic,
src/components/Content/ScrollingStrips.jsx,154,img,generic,
src/components/Content/TeamPreview.jsx,34,img,descriptive,Quentin Smith
src/components/Content/TeamPreview.jsx,41,img,descriptive,Mackie Alcantara
src/components/Expeditions/ExpeditionBarcode.jsx,245,Image,dynamic,item.name
src/components/Expeditions/ExpeditionBarcode.jsx,320,Image,dynamic,`${selectedDestination.name
src/components/Expeditions/ExpeditionDepartureBoard.jsx,40,img,generic,
src/components/Expeditions/ExpeditionVideoSlider.jsx,233,img,dynamic,video.title
src/components/FinalDraftHeader.jsx,86,img,descriptive,HQ Aviation
src/components/Fleet/FleetShowcaseCarousel.jsx,39,img,descriptive,R22
src/components/Fleet/FleetShowcaseCarousel.jsx,45,img,descriptive,R44
src/components/Fleet/FleetShowcaseCarousel.jsx,52,img,descriptive,R66
src/components/Fleet/FleetShowcaseCarousel.jsx,58,img,descriptive,R88
src/components/Fleet/InteractiveFleetExplorer.jsx,77,img,dynamic,current.name
src/components/Fleet/ModelSpotlight.jsx,25,img,descriptive,Robinson R66
src/components/Fleet/R88Announcement.jsx,53,img,descriptive,Robinson R88
src/components/Footer.jsx,12,img,descriptive,HQ Aviation
src/components/Footer.jsx,49,img,descriptive,UK CAA
src/components/Footer.jsx,52,img,descriptive,Robinson Approved
src/components/FooterMinimal.jsx,65,img,descriptive,UK
src/components/Header.jsx,56,img,descriptive,HQ Aviation
src/components/HeroVariations.jsx,41,img,generic,
src/components/HeroVariations.jsx,60,img,generic,
src/components/HeroVariations.jsx,97,img,generic,
src/components/HeroVariations.jsx,111,img,generic,
src/components/HeroVariations.jsx,137,img,generic,
src/components/HeroVariations.jsx,148,img,generic,
src/components/HeroVariations.jsx,172,img,generic,
src/components/HeroVariations.jsx,202,img,generic,
src/components/HeroVariations.jsx,232,img,generic,
src/components/HeroVariations.jsx,254,img,generic,
src/components/HeroVariations.jsx,281,img,generic,
src/components/HeroVariations.jsx,310,img,generic,
src/components/HeroVariations.jsx,330,img,generic,
src/components/HeroVariations.jsx,354,img,generic,
src/components/HeroVariations.jsx,374,img,generic,
src/components/HeroVariations.jsx,395,img,generic,
src/components/HeroVariations.jsx,413,img,generic,
src/components/HeroVariations.jsx,441,img,generic,
src/components/HeroVariations.jsx,471,img,generic,
src/components/HeroVariations.jsx,484,img,generic,
src/components/HeroVariations.jsx,512,img,generic,
src/components/HeroVariations.jsx,515,img,generic,
src/components/HeroVariations.jsx,554,img,generic,
src/components/HeroVariations.jsx,592,img,generic,
src/components/HeroVariations.jsx,604,img,generic,
src/components/HeroVariations.jsx,625,img,generic,
src/components/HeroVariations.jsx,645,img,generic,
src/components/HeroVariations.jsx,677,img,generic,
src/components/HeroVariations.jsx,680,img,generic,
src/components/HeroVariations.jsx,698,img,generic,
src/components/HeroVariations.jsx,732,img,generic,
src/components/HeroVariations.jsx,765,img,generic,
src/components/HeroVariations.jsx,829,img,generic,
src/components/HeroVariations.jsx,903,img,generic,
src/components/HeroVariations.jsx,942,img,generic,
src/components/HeroVariations.jsx,967,img,generic,
src/components/HeroVariations.jsx,991,img,generic,
src/components/HeroVariations.jsx,1047,img,generic,
src/components/HeroVariations.jsx,1098,img,generic,
src/components/HeroVariations.jsx,1118,img,generic,
src/components/HeroVariations.jsx,1167,img,generic,
src/components/HeroVariations.jsx,1219,img,generic,
src/components/HeroVariations.jsx,1222,img,generic,
src/components/HeroVariations.jsx,1225,img,generic,
src/components/HeroVariations.jsx,1232,img,generic,
src/components/HeroVariations.jsx,1268,img,generic,
src/components/HeroVariations.jsx,1290,img,generic,
src/components/HeroVariations.jsx,1320,img,generic,
src/components/HeroVariations.jsx,1323,img,generic,
src/components/HeroVariations.jsx,1374,img,generic,
src/components/HeroVariations.jsx,1378,img,generic,
src/components/HeroVariations.jsx,1399,img,generic,
src/components/HeroVariations.jsx,1402,img,generic,
src/components/HeroVariations.jsx,1426,img,generic,
src/components/HeroVariations.jsx,1430,img,generic,
src/components/HeroVariations.jsx,1447,img,generic,
src/components/HeroVariations.jsx,1508,img,generic,
src/components/HeroVariations.jsx,1545,img,generic,
src/components/HeroVariations.jsx,1568,img,generic,
src/components/HeroVariations.jsx,1572,img,generic,
src/components/HeroVariations.jsx,1592,img,generic,
src/components/HeroVariations.jsx,1675,img,generic,
src/components/HeroVariations.jsx,1791,img,generic,
src/components/HeroVariations.jsx,1813,img,generic,
src/components/HeroVariations.jsx,2010,img,generic,
src/components/HeroVariations.jsx,2063,img,generic,
src/components/HeroVariations.jsx,2167,img,generic,
src/components/HeroVariations.jsx,2210,img,generic,
src/components/HeroVariations.jsx,2263,img,generic,
src/components/HeroVariations.jsx,2321,img,generic,
src/components/HeroVariations.jsx,2333,img,generic,
src/components/HeroVariations.jsx,2425,img,generic,
src/components/HeroVariations.jsx,2460,img,generic,
src/components/HeroVariations.jsx,2513,img,generic,
src/components/HeroVariations.jsx,2543,img,generic,
src/components/HeroVariations.jsx,2566,img,generic,
src/components/HeroVariations.jsx,2637,img,generic,
src/components/HeroVariations.jsx,2650,img,generic,
src/components/HeroVariations.jsx,2653,img,generic,
src/components/HeroVariations.jsx,2656,img,generic,
src/components/HeroVariations.jsx,2659,img,generic,
src/components/HeroVariations.jsx,2684,img,generic,
src/components/HeroVariations.jsx,2695,img,generic,
src/components/HeroVariations.jsx,2723,img,generic,
src/components/HeroVariations.jsx,2794,img,generic,
src/components/HeroVariations.jsx,2842,img,generic,
src/components/HeroVariations.jsx,2887,img,generic,
src/components/HeroVariations.jsx,2905,img,generic,
src/components/HeroVariations.jsx,2944,img,generic,
src/components/HeroVariations.jsx,2995,img,generic,
src/components/HeroVariations.jsx,3005,img,generic,
src/components/HeroVariations.jsx,3021,img,generic,
src/components/HeroVariations.jsx,3069,img,generic,
src/components/HeroVariations.jsx,3150,img,generic,
src/components/HeroVariations.jsx,3228,img,generic,
src/components/HeroVariations.jsx,3276,img,generic,
src/components/Image.jsx,42,img,empty,
src/components/Image.jsx,45,img,dynamic,alt
src/components/Image.jsx,94,img,dynamic,alt
src/components/Image.jsx,112,img,empty,
src/components/Image.jsx,114,img,dynamic,alt
src/compoAudited 1089 img/Image tags:
  descriptive: 389
  dynamic    : 385 (CMS-controlled, OK)
  generic    : 309 (needs rewrite)
  empty      : 6 (decorative or missing — review)
nents/Image.jsx,139,img,dynamic,alt
src/components/Image.jsx,156,img,empty,
src/components/Image.jsx,158,img,dynamic,alt
src/components/Image.test.jsx,51,Image,empty,
src/components/Image.test.jsx,54,Image,descriptive,opaque
src/components/Image.test.jsx,74,Image,descriptive,alpha
src/components/Image.test.jsx,89,Image,descriptive,cms
src/components/Image.test.jsx,111,Image,descriptive,hq-img
src/components/Image.test.jsx,128,img,empty,
src/components/Image.test.jsx,130,Image,descriptive,external
src/components/Image.test.jsx,146,Image,descriptive,opaque
src/components/Image.test.jsx,163,Image,empty,
src/components/Image.test.jsx,175,Image,descriptive,hero
src/components/Image.test.jsx,196,Image,descriptive,below
src/components/ImageSlot.jsx,12,img,dynamic,slotAlt || altProp || ''
src/components/Lifestyle/OwnershipBenefits.jsx,51,img,descriptive,Helicopter ownership lifestyle
src/components/LondonTourTicket.jsx,758,img,descriptive,R66 Turbine Helicopter
src/components/Maintenance/FacilityGallery.jsx,56,img,dynamic,img.alt
src/components/Maintenance/FacilityGallery.jsx,72,img,generic,
src/components/Maintenance/FacilityGallery.jsx,85,img,generic,
src/components/Maintenance/FacilityGalleryPicker.jsx,46,img,dynamic,img.alt
src/components/Maintenance/FacilityGalleryPicker.jsx,148,img,dynamic,img.alt
src/components/Maintenance/FacilityGalleryPicker.jsx,252,img,dynamic,images[0]?.alt
src/components/Maintenance/FacilityGalleryPicker.jsx,269,img,dynamic,img.alt
src/components/Maintenance/FacilityGalleryPicker.jsx,383,img,dynamic,images[0]?.alt
src/components/Maintenance/FacilityGalleryPicker.jsx,399,img,dynamic,img.alt
src/components/Maintenance/FacilityGalleryPicker.jsx,418,img,dynamic,img.alt
src/components/Maintenance/FacilityGalleryPicker.jsx,553,img,dynamic,img.alt
src/components/Maintenance/FacilityGalleryPicker.jsx,825,img,dynamic,img.alt
src/components/Maintenance/FacilityGalleryPicker.jsx,931,img,dynamic,images[current]?.alt
src/components/Maintenance/FacilityServicesCarousel.jsx,48,img,generic,
src/components/Maintenance/FacilityServicesDetail.jsx,54,img,generic,
src/components/Maintenance/FacilityServicesDetail.jsx,59,img,generic,
src/components/Maintenance/FacilityServicesDetail.jsx,68,img,generic,
src/components/Maintenance/FacilityServicesDetail.jsx,73,img,generic,
src/components/R66/R66Case.jsx,248,img,generic,
src/components/R66/R66Case.jsx,363,img,generic,
src/components/R66/R66Case.jsx,475,img,generic,
src/components/Rebuilds/BeforeAfter.jsx,81,img,dynamic,`${steps[rebuildStep].label
src/components/Rebuilds/BeforeAfter.jsx,89,img,dynamic,`${steps[rebuildStep].label
src/components/Trust/WallOfCoolSection.jsx,107,img,dynamic,img.alt || 'Wall of Cool'
src/components/WallOfCoolGr11.jsx,385,img,dynamic,img.alt
src/components/WallOfCoolGr11.jsx,408,img,dynamic,img.alt
src/components/WallOfCoolGr11.jsx,425,img,dynamic,img.alt
src/components/WallOfCoolGr11.jsx,443,img,generic,
src/components/WallOfCoolGr11.jsx,511,img,dynamic,img?.alt || ''
src/components/WallOfCoolGr11.jsx,667,img,dynamic,allImages[fsSlide].alt
src/components/WallOfCoolGr11.jsx,680,img,dynamic,img.alt
src/components/WallOfCoolGr11.jsx,685,img,dynamic,img.alt
src/components/WallOfCoolGr11.jsx,692,img,dynamic,img.alt
src/components/WallOfCoolGr11.jsx,697,img,dynamic,img.alt
src/components/admin/ImageEditDrawer.jsx,161,img,dynamic,img.alt
src/components/admin/MediaLibraryPicker.jsx,161,img,dynamic,img.name
src/components/booking/ProductInfoModal.jsx,37,img,dynamic,primary.alt || item.name
src/components/booking/ProductInfoModal.jsx,47,img,generic,
src/components/booking/ReferralOfferCard.jsx,47,img,dynamic,freeItem.name
src/components/checkout/DiscoveryAddons.jsx,61,img,dynamic,item.name
